npe,lnpe,top2disparity,ensembled_answer_total_uncertainty,ensembled_answer_aleatoric_uncertainty,ensembled_answer_epistemic_uncertainty,ensembled_correctness_total_uncertainty,ensembled_correctness_aleatoric_uncertainty,ensembled_correctness_epistemic_uncertainty
2.6760663351555998,0.20395687154425474,-4.2618824217414595,2.8291649316252463,1.9323402299987655,0.8968247016264808,0.017166804237380713,0.013444308951661372,0.0037224952857193416
1.6931148947203396,0.14507777310536166,-4.074861855489877,4.656428747782248,2.902215298483089,1.7542134492991588,1.0,0.022544143401984584,0.9774558565980154
