npe,lnpe,top2disparity,inter_sample,answer_total,answer_aleatoric,answer_epistemic,correctness_total,correctness_aleatoric,correctness_epistemic,verb_confidence,verb_predict_acc,correct_ratio
27.34982047146908,0.150640603225534,-5.428974007749818,0.30057139929937143,2.6891932194655075,2.0313415946277464,0.657851624837761,0.9895875212220556,0.8713415946277461,0.11824592659430955,0.82,0.62,0.44
18.733948230597765,0.12544936983756547,-6.038400003883496,0.5990939036111295,2.812696642244504,1.9342465351822793,0.8784501070622248,0.6800770457282799,0.6339137158458458,0.0461633298824341,0.68,0.7,0.82
